{"cameraMode":{"drawMode":0,"name":"Shaded","section":"Shading Mode"},"sceneLighting":false,"audioPlay":false,"sceneViewState":{"m_AlwaysRefresh":false,"showFog":true,"showSkybox":false,"showFlares":true,"showImageEffects":true,"showParticleSystems":true,"showVisualEffectGraphs":true,"m_FxEnabled":true},"in2DMode":false,"pivot":{"x":-1.42988920211792,"y":1.4684451818466187,"z":2.355480194091797},"rotation":{"x":0.008992125280201435,"y":0.3727209270000458,"z":-0.0033959730062633754,"w":0.9280543923377991},"size":3.4436652660369875,"orthographic":false}