{"cameraMode":{"drawMode":0,"name":"Shaded","section":"Shading Mode"},"sceneLighting":false,"audioPlay":false,"sceneViewState":{"m_AlwaysRefresh":false,"showFog":true,"showSkybox":false,"showFlares":true,"showImageEffects":true,"showParticleSystems":true,"showVisualEffectGraphs":true,"m_FxEnabled":true},"in2DMode":false,"pivot":{"x":-0.17451556026935578,"y":1.3258328437805176,"z":0.023201271891593934},"rotation":{"x":0.002565844217315316,"y":0.996677815914154,"z":-0.03470822796225548,"w":0.07368990778923035},"size":0.6747206449508667,"orthographic":false}