{"cameraMode":{"drawMode":0,"name":"Shaded","section":"Shading Mode"},"sceneLighting":false,"audioPlay":false,"sceneViewState":{"m_AlwaysRefresh":false,"showFog":true,"showSkybox":false,"showFlares":true,"showImageEffects":true,"showParticleSystems":true,"showVisualEffectGraphs":true,"m_FxEnabled":true},"in2DMode":false,"pivot":{"x":-0.28406307101249697,"y":0.9808293581008911,"z":-0.0026763714849948885},"rotation":{"x":0.001794709824025631,"y":0.12863802909851075,"z":-0.00023341750784311444,"w":0.9916927814483643},"size":1.1277949810028077,"orthographic":false}