{"cameraMode":{"drawMode":0,"name":"Shaded","section":"Shading Mode"},"sceneLighting":true,"audioPlay":false,"sceneViewState":{"m_AlwaysRefresh":false,"showFog":true,"showSkybox":true,"showFlares":true,"showImageEffects":true,"showParticleSystems":true,"showVisualEffectGraphs":true,"m_FxEnabled":true},"in2DMode":false,"pivot":{"x":11.897379875183106,"y":7.0059967041015629,"z":7.925320625305176},"rotation":{"x":0.055540382862091067,"y":-0.815359354019165,"z":0.0793432891368866,"w":0.5708396434783936},"size":1.1704027652740479,"orthographic":false}