{"cameraMode":{"drawMode":0,"name":"Shaded","section":"Shading Mode"},"sceneLighting":true,"audioPlay":false,"sceneViewState":{"m_AlwaysRefresh":false,"showFog":true,"showSkybox":true,"showFlares":true,"showImageEffects":true,"showParticleSystems":true,"showVisualEffectGraphs":true,"m_FxEnabled":true},"in2DMode":false,"pivot":{"x":3.7479209899902345,"y":0.8219975233078003,"z":-8.887829780578614},"rotation":{"x":-0.00979873351752758,"y":-0.9690405130386353,"z":0.24363113939762116,"w":-0.03898531198501587},"size":3.7593698501586916,"orthographic":false}