{"cameraMode":{"drawMode":0,"name":"Shaded","section":"Shading Mode"},"sceneLighting":true,"audioPlay":false,"sceneViewState":{"m_AlwaysRefresh":false,"showFog":true,"showSkybox":true,"showFlares":true,"showImageEffects":true,"showParticleSystems":true,"showVisualEffectGraphs":true,"m_FxEnabled":true},"in2DMode":false,"pivot":{"x":219.60626220703126,"y":483.4364929199219,"z":17.533634185791017},"rotation":{"x":-0.011997442692518235,"y":-0.0194975845515728,"z":-0.00023392148432321846,"w":0.9997382164001465},"size":153.52825927734376,"orthographic":false}