{"cameraMode":{"drawMode":0,"name":"Shaded","section":"Shading Mode"},"sceneLighting":true,"audioPlay":false,"sceneViewState":{"m_AlwaysRefresh":false,"showFog":true,"showSkybox":true,"showFlares":true,"showImageEffects":true,"showParticleSystems":true,"showVisualEffectGraphs":true,"m_FxEnabled":true},"in2DMode":false,"pivot":{"x":490.6429138183594,"y":406.6115417480469,"z":11.157248497009278},"rotation":{"x":0.01798638515174389,"y":0.03748500347137451,"z":-0.0006747577572241426,"w":0.9991357326507568},"size":499.9022216796875,"orthographic":false}