{"cameraMode":{"drawMode":0,"name":"Shaded","section":"Shading Mode"},"sceneLighting":true,"audioPlay":false,"sceneViewState":{"m_AlwaysRefresh":false,"showFog":true,"showSkybox":true,"showFlares":true,"showImageEffects":true,"showParticleSystems":true,"showVisualEffectGraphs":true,"m_FxEnabled":true},"in2DMode":false,"pivot":{"x":0.7390995621681213,"y":-0.1989707350730896,"z":2.2098774909973146},"rotation":{"x":0.21339832246303559,"y":0.6615417003631592,"z":-0.20486412942409516,"w":0.689103364944458},"size":6.394989967346191,"orthographic":false}