{"cameraMode":{"drawMode":0,"name":"Shaded","section":"Shading Mode"},"sceneLighting":false,"audioPlay":false,"sceneViewState":{"m_AlwaysRefresh":false,"showFog":true,"showSkybox":false,"showFlares":true,"showImageEffects":true,"showParticleSystems":true,"showVisualEffectGraphs":true,"m_FxEnabled":true},"in2DMode":false,"pivot":{"x":26.212568283081056,"y":0.036180317401885989,"z":-15.378281593322754},"rotation":{"x":-0.3961428701877594,"y":0.2553020417690277,"z":-0.11569169163703919,"w":-0.8743855953216553},"size":0.17227400839328767,"orthographic":false}