{"cameraMode":{"drawMode":0,"name":"Shaded","section":"Shading Mode"},"sceneLighting":false,"audioPlay":false,"sceneViewState":{"m_AlwaysRefresh":false,"showFog":true,"showSkybox":false,"showFlares":true,"showImageEffects":true,"showParticleSystems":true,"showVisualEffectGraphs":true,"m_FxEnabled":true},"in2DMode":false,"pivot":{"x":1.449033260345459,"y":-0.5483787655830383,"z":-1.2884422540664673},"rotation":{"x":0.16007746756076814,"y":0.02220313996076584,"z":-0.0036020218394696714,"w":0.9868502020835877},"size":3.9680700302124025,"orthographic":false}