{"cameraMode":{"drawMode":0,"name":"Shaded","section":"Shading Mode"},"sceneLighting":false,"audioPlay":false,"sceneViewState":{"m_AlwaysRefresh":false,"showFog":true,"showSkybox":false,"showFlares":true,"showImageEffects":true,"showParticleSystems":true,"showVisualEffectGraphs":true,"m_FxEnabled":true},"in2DMode":false,"pivot":{"x":2.943087339401245,"y":6.2681193351745609,"z":0.5903991460800171},"rotation":{"x":-0.05512036755681038,"y":0.03892627730965614,"z":0.002150064567103982,"w":0.9977206587791443},"size":7.826969146728516,"orthographic":false}