{"cameraMode":{"drawMode":0,"name":"Shaded","section":"Shading Mode"},"sceneLighting":false,"audioPlay":false,"sceneViewState":{"m_AlwaysRefresh":false,"showFog":true,"showSkybox":false,"showFlares":true,"showImageEffects":true,"showParticleSystems":true,"showVisualEffectGraphs":true,"m_FxEnabled":true},"in2DMode":false,"pivot":{"x":-2.552492380142212,"y":1.3589766025543213,"z":-2.7345917224884035},"rotation":{"x":-0.04139735549688339,"y":-0.8823666572570801,"z":0.46206268668174746,"w":-0.07909348607063294},"size":0.8383381366729736,"orthographic":false}