{"cameraMode":{"drawMode":0,"name":"Shaded","section":"Shading Mode"},"sceneLighting":false,"audioPlay":false,"sceneViewState":{"m_AlwaysRefresh":false,"showFog":true,"showSkybox":false,"showFlares":true,"showImageEffects":true,"showParticleSystems":true,"showVisualEffectGraphs":true,"m_FxEnabled":true},"in2DMode":false,"pivot":{"x":-3.3483004570007326,"y":1.7196071147918702,"z":1.3905198574066163},"rotation":{"x":0.0316292978823185,"y":0.10474983602762222,"z":-0.0033336130436509849,"w":0.9939925670623779},"size":5.537235260009766,"orthographic":false}